{"cameraMode":{"drawMode":0,"name":"Shaded","section":"Shading Mode"},"sceneLighting":true,"audioPlay":false,"sceneViewState":{"m_AlwaysRefresh":false,"showFog":true,"showSkybox":true,"showFlares":true,"showImageEffects":true,"showParticleSystems":true,"showVisualEffectGraphs":true,"m_FxEnabled":true},"in2DMode":false,"pivot":{"x":180.19586181640626,"y":17.054019927978517,"z":174.65237426757813},"rotation":{"x":0.12050054222345352,"y":0.3354131877422333,"z":-0.04330429807305336,"w":0.933329701423645},"size":-8.000004768371582,"orthographic":false}