{"cameraMode":{"drawMode":0,"name":"Shaded","section":"Shading Mode"},"sceneLighting":false,"audioPlay":false,"sceneViewState":{"m_AlwaysRefresh":false,"showFog":true,"showSkybox":false,"showFlares":true,"showImageEffects":true,"showParticleSystems":true,"showVisualEffectGraphs":true,"m_FxEnabled":true},"in2DMode":false,"pivot":{"x":206.19107055664063,"y":7.430925369262695,"z":216.58224487304688},"rotation":{"x":-0.007245469372719526,"y":0.9722076058387756,"z":-0.2320600003004074,"w":-0.030340874567627908},"size":11.175251007080079,"orthographic":false}