{"cameraMode":{"drawMode":0,"name":"Shaded","section":"Shading Mode"},"sceneLighting":false,"audioPlay":false,"sceneViewState":{"m_AlwaysRefresh":false,"showFog":true,"showSkybox":false,"showFlares":true,"showImageEffects":true,"showParticleSystems":true,"showVisualEffectGraphs":true,"m_FxEnabled":true},"in2DMode":false,"pivot":{"x":261.31536865234377,"y":36.459999084472659,"z":358.1199951171875},"rotation":{"x":-0.14585189521312715,"y":0.1776333600282669,"z":-0.026625165715813638,"w":-0.9728701710700989},"size":2.0310096740722658,"orthographic":false}