{"cameraMode":{"drawMode":0,"name":"Shaded","section":"Shading Mode"},"sceneLighting":true,"audioPlay":false,"sceneViewState":{"m_AlwaysRefresh":false,"showFog":true,"showSkybox":true,"showFlares":true,"showImageEffects":true,"showParticleSystems":true,"showVisualEffectGraphs":true,"m_FxEnabled":true},"in2DMode":false,"pivot":{"x":181.59300231933595,"y":2.7810006141662599,"z":205.00631713867188},"rotation":{"x":-0.1274569183588028,"y":0.009519156999886036,"z":-0.0012192955473437906,"w":-0.9918040037155151},"size":6.071954727172852,"orthographic":false}